Competizione,Planned Start Date,Planned End Date,Partita,Emittente,Stato_Programmazione
"UCL",09/09/2026 18:45,09/09/2026 20:45,"Stoccarda - Viking","Sky","Confermato"
"UCL",09/09/2026 18:45,09/09/2026 20:45,"Barcellona - Feyenoord","Sky","Confermato"
"UCL",09/09/2026 21:00,09/09/2026 23:00,"Sporting Lisboa - Galatasaray","Sky","Confermato"
"UCL",09/09/2026 21:00,09/09/2026 23:00,"Paris Saint-Germain - Slovan Bratislava","Sky","Confermato"
"UCL",09/09/2026 21:00,09/09/2026 23:00,"Napoli - Arsenal","Amazon Prime Video","Confermato"
"UCL",09/09/2026 21:00,09/09/2026 23:00,"Liverpool - Atlético Madrid","Sky","Confermato"
"UCL",10/09/2026 18:45,10/09/2026 20:45,"Fenerbahce - Roma","Sky","Confermato"
"UCL",10/09/2026 18:45,10/09/2026 20:45,"PSV Eindhoven - Shaktar Donetsk","Sky","Confermato"
"UCL",10/09/2026 21:00,10/09/2026 23:00,"Manchester United - Sabah","Sky","Confermato"
"UCL",10/09/2026 21:00,10/09/2026 23:00,"Bayern Monaco - Bodo Glimt","Sky","Confermato"
"UCL",10/09/2026 21:00,10/09/2026 23:00,"Como - RB Lipsia","Sky","Confermato"
"UCL",10/09/2026 21:00,10/09/2026 23:00,"Slavia Praga - Lens","Sky","Confermato"
"Serie A",11/09/2026 20:45,11/09/2026 22:45,"Venezia - Fiorentina","DAZN","Confermato"
"Serie A",12/09/2026 15:00,12/09/2026 17:00,"Genoa - Frosinone","DAZN","Confermato"
"Serie A",12/09/2026 20:45,12/09/2026 22:45,"Atalanta - Cagliari","DAZN / SKY","Confermato"
"Serie A",13/09/2026 12:30,13/09/2026 14:30,"Torino - Roma","DAZN","Confermato"
"Serie A",13/09/2026 15:00,13/09/2026 17:00,"Lecce - Monza","DAZN","Confermato"
"Serie A",13/09/2026 15:00,13/09/2026 17:00,"Como - Parma","DAZN","Confermato"
"Serie A",13/09/2026 15:00,13/09/2026 17:00,"Sassuolo - Juventus","DAZN","Confermato"
"Serie A",13/09/2026 15:00,13/09/2026 17:00,"Lazio - Milan","DAZN","Confermato"
"Serie A",13/09/2026 18:00,13/09/2026 20:00,"Napoli - Bologna","DAZN / SKY","Confermato"
"Serie A",14/09/2026 20:45,14/09/2026 22:45,"Inter - Udinese","DAZN / SKY","Confermato"
"UEL",16/09/2026 18:45,16/09/2026 20:45,"Ararat-Armenia - Sparta Praga","Sky","Confermato"
"UEL",16/09/2026 18:45,16/09/2026 20:45,"Omonia Nicosia - Celta Vigo","Sky","Confermato"
"UEL",16/09/2026 21:00,16/09/2026 23:00,"Olympiacos - Jagiellonia Bialystok","Sky","Confermato"
"UEL",16/09/2026 21:00,16/09/2026 23:00,"Sunderland - AZ Alkmaar","Sky","Confermato"
"UEL",16/09/2026 21:00,16/09/2026 23:00,"Milan - Benfica","Sky","Confermato"
"UEL",16/09/2026 21:00,16/09/2026 23:00,"Sturm Graz - Rennes","Sky","Confermato"
"UEL",16/09/2026 21:00,16/09/2026 23:00,"Hapoel Be'er Sheva - Dinamo Zagrabia","Sky","Confermato"
"UEL",16/09/2026 21:00,16/09/2026 23:00,"Bayer Leverkusen - Celje","Sky","Confermato"
"UEL",16/09/2026 21:00,16/09/2026 23:00,"Anderlecht - Olympique Lione","Sky","Confermato"
"UEL",17/09/2026 18:45,17/09/2026 20:45,"OFI Heraklion - Hoffenheim","Sky","Confermato"
"UEL",17/09/2026 18:45,17/09/2026 20:45,"Levski Sofia - Red Bull Salzburg","Sky","Confermato"
"UEL",17/09/2026 21:00,17/09/2026 23:00,"Celtic - Ferencvaros","Sky","Confermato"
"UEL",17/09/2026 21:00,17/09/2026 23:00,"Besiktas - Olympique Marsiglia","Sky","Confermato"
"UEL",17/09/2026 21:00,17/09/2026 23:00,"Crystal Palace - Lech Poznan","Sky","Confermato"
"UEL",17/09/2026 21:00,17/09/2026 23:00,"Juventus - NEC Nijmegan","Sky","Confermato"
"UEL",17/09/2026 21:00,17/09/2026 23:00,"Real Sociedad - Bournemouth","Sky","Confermato"
"UEL",17/09/2026 21:00,17/09/2026 23:00,"Viktoria Plzen - Saint-Gilloise","Sky","Confermato"
"UEL",17/09/2026 21:00,17/09/2026 23:00,"Lillestrom - Torreense","Sky","Confermato"
"Serie A",18/09/2026 20:45,18/09/2026 22:45,"Monza - Sassuolo","DAZN / SKY","Confermato"
"Serie A",19/09/2026 15:00,19/09/2026 17:00,"Bologna - Torino","DAZN","Confermato"
"Serie A",19/09/2026 15:00,19/09/2026 17:00,"Udinese - Cagliari","DAZN","Confermato"
"Serie A",19/09/2026 18:00,19/09/2026 20:00,"Roma - Inter","DAZN","Confermato"
"Serie A",19/09/2026 20:45,19/09/2026 22:45,"Venezia - Lazio","DAZN / SKY","Confermato"
"Serie A",20/09/2026 12:30,20/09/2026 14:30,"Fiorentina - Napoli","DAZN","Confermato"
"Serie A",20/09/2026 15:00,20/09/2026 17:00,"Frosinone - Como","DAZN","Confermato"
"Serie A",20/09/2026 15:00,20/09/2026 17:00,"Parma - Genoa","DAZN","Confermato"
"Serie A",20/09/2026 18:00,20/09/2026 20:00,"Juventus - Atalanta","DAZN / SKY","Confermato"
"Serie A",20/09/2026 20:45,20/09/2026 22:45,"Milan - Lecce","DAZN","Confermato"
"Serie A",11/10/2026 01:00,11/10/2026 03:00,"Como - Roma","DAZN","Orario da definire"
"Serie A",11/10/2026 01:00,11/10/2026 03:00,"Atalanta - Venezia","DAZN","Orario da definire"
"Serie A",11/10/2026 01:00,11/10/2026 03:00,"Napoli - Frosinone","DAZN","Orario da definire"
"Serie A",11/10/2026 01:00,11/10/2026 03:00,"Inter - Parma","DAZN","Orario da definire"
"Serie A",11/10/2026 01:00,11/10/2026 03:00,"Sassuolo - Milan","DAZN","Orario da definire"
"Serie A",11/10/2026 01:00,11/10/2026 03:00,"Genoa - Fiorentina","DAZN","Orario da definire"
"Serie A",11/10/2026 01:00,11/10/2026 03:00,"Lazio - Monza","DAZN","Orario da definire"
"Serie A",11/10/2026 01:00,11/10/2026 03:00,"Torino - Udinese","DAZN","Orario da definire"
"Serie A",11/10/2026 01:00,11/10/2026 03:00,"Lecce - Bologna","DAZN","Orario da definire"
"Serie A",11/10/2026 01:00,11/10/2026 03:00,"Cagliari - Juventus","DAZN","Orario da definire"
"UCL",13/10/2026 18:45,13/10/2026 20:45,"Lens - Sporting Lisboa","Sky","Confermato"
"UCL",13/10/2026 18:45,13/10/2026 20:45,"Sabah - Slavia Praga","Sky","Confermato"
"UCL",13/10/2026 21:00,13/10/2026 23:00,"Galatasaray - Barcellona","Sky","Confermato"
"UCL",13/10/2026 21:00,13/10/2026 23:00,"Viking - Bayern Monaco","Sky","Confermato"
"UCL",13/10/2026 21:00,13/10/2026 23:00,"Arsenal - Lille","Sky","Confermato"
"UCL",13/10/2026 21:00,13/10/2026 23:00,"Villarreal - Napoli","Sky","Confermato"
"UCL",13/10/2026 21:00,13/10/2026 23:00,"RB Lipsia - PSV Eindhoven","Sky","Confermato"
"UCL",13/10/2026 21:00,13/10/2026 23:00,"Atlético Madrid - Manchester United","Sky","Confermato"
"UCL",13/10/2026 21:00,13/10/2026 23:00,"Inter - Club Bruges","Sky","Confermato"
"UCL",14/10/2026 18:45,14/10/2026 20:45,"Feyenoord - Como","Sky","Confermato"
"UCL",14/10/2026 18:45,14/10/2026 20:45,"LASK Linz - Liverpool","Sky","Confermato"
"UCL",14/10/2026 21:00,14/10/2026 23:00,"Roma - Real Madrid","Amazon Prime Video","Confermato"
"UCL",14/10/2026 21:00,14/10/2026 23:00,"Aston Villa - Fenerbahce","Sky","Confermato"
"UCL",14/10/2026 21:00,14/10/2026 23:00,"Shaktar Donetsk - AEK Atene","Sky","Confermato"
"UCL",14/10/2026 21:00,14/10/2026 23:00,"Betis - Porto","Sky","Confermato"
"UCL",14/10/2026 21:00,14/10/2026 23:00,"Manchester City - Paris Saint-Germain","Sky","Confermato"
"UCL",14/10/2026 21:00,14/10/2026 23:00,"Bodo Glimt - Borussia Dortmund","Sky","Confermato"
"UCL",14/10/2026 21:00,14/10/2026 23:00,"Slovan Bratislava - Stoccarda","Sky","Confermato"
"UEL",15/10/2026 18:45,15/10/2026 20:45,"Olympique Lione - Crystal Palace","Sky","Confermato"
"UEL",15/10/2026 18:45,15/10/2026 20:45,"Lech Poznan - Bayer Leverkusen","Sky","Confermato"
"UEL",15/10/2026 18:45,15/10/2026 20:45,"Torreense - Sunderland","Sky","Confermato"
"UEL",15/10/2026 18:45,15/10/2026 20:45,"AZ Alkmaar - Hapoel Be'er Sheva","Sky","Confermato"
"UEL",15/10/2026 18:45,15/10/2026 20:45,"Red Bull Salzburg - Milan","Sky","Confermato"
"UEL",15/10/2026 18:45,15/10/2026 20:45,"Sparta Praga - Lillestrom","Sky","Confermato"
"UEL",15/10/2026 18:45,15/10/2026 20:45,"Saint-Gilloise - Real Sociedad","Sky","Confermato"
"UEL",15/10/2026 18:45,15/10/2026 20:45,"Celje - Omonia Nicosia","Sky","Confermato"
"UEL",15/10/2026 21:00,15/10/2026 23:00,"Ferencvaros - Viktoria Plzen","Sky","Confermato"
"UEL",15/10/2026 21:00,15/10/2026 23:00,"Benfica - Celtic","Sky","Confermato"
"UEL",15/10/2026 21:00,15/10/2026 23:00,"Olympique Marsiglia  - Olympiacos","Sky","Confermato"
"UEL",15/10/2026 21:00,15/10/2026 23:00,"Hoffenheim - Besiktas","Sky","Confermato"
"UEL",15/10/2026 21:00,15/10/2026 23:00,"Celta Vigo - Juventus","Sky","Confermato"
"UEL",15/10/2026 21:00,15/10/2026 23:00,"Rennes - OFI Heraklion","Sky","Confermato"
"UEL",15/10/2026 21:00,15/10/2026 23:00,"Bournemouth - Sturm Graz","Sky","Confermato"
"UEL",15/10/2026 21:00,15/10/2026 23:00,"Jagiellonia Bialystok - Ararat-Armenia","Sky","Confermato"
"UEL",15/10/2026 21:00,15/10/2026 23:00,"Dinamo Zagrabia - Anderlecht","Sky","Confermato"
"UEL",15/10/2026 21:00,15/10/2026 23:00,"NEC Nijmegan - Levski Sofia","Sky","Confermato"
"Serie A",18/10/2026 01:00,18/10/2026 03:00,"Juventus - Lazio","DAZN","Orario da definire"
"Serie A",18/10/2026 01:00,18/10/2026 03:00,"Udinese - Lecce","DAZN","Orario da definire"
"Serie A",18/10/2026 01:00,18/10/2026 03:00,"Fiorentina - Como","DAZN","Orario da definire"
"Serie A",18/10/2026 01:00,18/10/2026 03:00,"Frosinone - Sassuolo","DAZN","Orario da definire"
"Serie A",18/10/2026 01:00,18/10/2026 03:00,"Milan - Atalanta","DAZN","Orario da definire"
"Serie A",18/10/2026 01:00,18/10/2026 03:00,"Bologna - Inter","DAZN","Orario da definire"
"Serie A",18/10/2026 01:00,18/10/2026 03:00,"Parma - Torino","DAZN","Orario da definire"
"Serie A",18/10/2026 01:00,18/10/2026 03:00,"Venezia - Napoli","DAZN","Orario da definire"
"Serie A",18/10/2026 01:00,18/10/2026 03:00,"Monza - Cagliari","DAZN","Orario da definire"
"Serie A",18/10/2026 01:00,18/10/2026 03:00,"Roma - Genoa","DAZN","Orario da definire"
"UCL",20/10/2026 18:45,20/10/2026 20:45,"Sabah - Borussia Dortmund","Sky","Confermato"
"UCL",20/10/2026 18:45,20/10/2026 20:45,"Fenerbahce - Slavia Praga","Sky","Confermato"
"UCL",20/10/2026 21:00,20/10/2026 23:00,"Roma - Slovan Bratislava","Sky","Confermato"
"UCL",20/10/2026 21:00,20/10/2026 23:00,"Paris Saint-Germain - Barcellona","Sky","Confermato"
"UCL",20/10/2026 21:00,20/10/2026 23:00,"Stoccarda - Atlético Madrid","Sky","Confermato"
"UCL",20/10/2026 21:00,20/10/2026 23:00,"Napoli - Bodo Glimt","Sky","Confermato"
"UCL",20/10/2026 21:00,20/10/2026 23:00,"Liverpool - Villarreal","Sky","Confermato"
"UCL",20/10/2026 21:00,20/10/2026 23:00,"Manchester City - AEK Atene","Sky","Confermato"
"UCL",20/10/2026 21:00,20/10/2026 23:00,"Porto - PSV Eindhoven","Sky","Confermato"
"UCL",21/10/2026 18:45,21/10/2026 20:45,"Lille - Galatasaray","Sky","Confermato"
"UCL",21/10/2026 18:45,21/10/2026 20:45,"Como - Manchester United","Sky","Confermato"
"UCL",21/10/2026 21:00,21/10/2026 23:00,"Club Bruges - Lens","Sky","Confermato"
"UCL",21/10/2026 21:00,21/10/2026 23:00,"Inter - Shaktar Donetsk","Amazon Prime Video","Confermato"
"UCL",21/10/2026 21:00,21/10/2026 23:00,"Sporting Lisboa - LASK Linz","Sky","Confermato"
"UCL",21/10/2026 21:00,21/10/2026 23:00,"Aston Villa - Viking","Sky","Confermato"
"UCL",21/10/2026 21:00,21/10/2026 23:00,"Real Madrid - RB Lipsia","Sky","Confermato"
"UCL",21/10/2026 21:00,21/10/2026 23:00,"Betis - Feyenoord","Sky","Confermato"
"UCL",21/10/2026 21:00,21/10/2026 23:00,"Bayern Monaco - Arsenal","Sky","Confermato"
"UEL",22/10/2026 18:45,22/10/2026 20:45,"Lech Poznan - Sunderland","Sky","Confermato"
"UEL",22/10/2026 18:45,22/10/2026 20:45,"Sturm Graz - Olympique Marsiglia","Sky","Confermato"
"UEL",22/10/2026 18:45,22/10/2026 20:45,"Ferencvaros - Torreense","Sky","Confermato"
"UEL",22/10/2026 18:45,22/10/2026 20:45,"Dinamo Zagrabia - NEC Nijmegan","Sky","Confermato"
"UEL",22/10/2026 18:45,22/10/2026 20:45,"Ararat-Armenia - AZ Alkmaar","Sky","Confermato"
"UEL",22/10/2026 18:45,22/10/2026 20:45,"OFI Heraklion - Bayer Leverkusen","Sky","Confermato"
"UEL",22/10/2026 18:45,22/10/2026 20:45,"Saint-Gilloise - Hapoel Be'er Sheva","Sky","Confermato"
"UEL",22/10/2026 18:45,22/10/2026 20:45,"Juventus - Rennes","Sky","Confermato"
"UEL",22/10/2026 21:00,22/10/2026 23:00,"Celtic - Celta Vigo","Sky","Confermato"
"UEL",22/10/2026 21:00,22/10/2026 23:00,"Celje - Red Bull Salzburg","Sky","Confermato"
"UEL",22/10/2026 21:00,22/10/2026 23:00,"Lillestrom - Real Sociedad","Sky","Confermato"
"UEL",22/10/2026 21:00,22/10/2026 23:00,"Jagiellonia Bialystok - Anderlecht","Sky","Confermato"
"UEL",22/10/2026 21:00,22/10/2026 23:00,"Viktoria Plzen - Levski Sofia","Sky","Confermato"
"UEL",22/10/2026 21:00,22/10/2026 23:00,"Hoffenheim - Olympique Lione","Sky","Confermato"
"UEL",22/10/2026 21:00,22/10/2026 23:00,"Bournemouth - Milan","Sky","Confermato"
"UEL",22/10/2026 21:00,22/10/2026 23:00,"Besiktas - Crystal Palace","Sky","Confermato"
"UEL",22/10/2026 21:00,22/10/2026 23:00,"Olympiacos - Sparta Praga","Sky","Confermato"
"UEL",22/10/2026 21:00,22/10/2026 23:00,"Omonia Nicosia - Benfica","Sky","Confermato"
"Serie A",25/10/2026 01:00,25/10/2026 03:00,"Inter - Fiorentina","DAZN","Orario da definire"
"Serie A",25/10/2026 01:00,25/10/2026 03:00,"Como - Sassuolo","DAZN","Orario da definire"
"Serie A",25/10/2026 01:00,25/10/2026 03:00,"Napoli - Roma","DAZN","Orario da definire"
"Serie A",25/10/2026 01:00,25/10/2026 03:00,"Torino - Monza","DAZN","Orario da definire"
"Serie A",25/10/2026 01:00,25/10/2026 03:00,"Genoa - Venezia","DAZN","Orario da definire"
"Serie A",25/10/2026 01:00,25/10/2026 03:00,"Lecce - Juventus","DAZN","Orario da definire"
"Serie A",25/10/2026 01:00,25/10/2026 03:00,"Cagliari - Bologna","DAZN","Orario da definire"
"Serie A",25/10/2026 01:00,25/10/2026 03:00,"Lazio - Parma","DAZN","Orario da definire"
"Serie A",25/10/2026 01:00,25/10/2026 03:00,"Udinese - Milan","DAZN","Orario da definire"
"Serie A",25/10/2026 01:00,25/10/2026 03:00,"Atalanta - Frosinone","DAZN","Orario da definire"
"Serie A",28/10/2026 01:00,28/10/2026 03:00,"Fiorentina - Atalanta","DAZN","Orario da definire"
"Serie A",28/10/2026 01:00,28/10/2026 03:00,"Parma - Udinese","DAZN","Orario da definire"
"Serie A",28/10/2026 01:00,28/10/2026 03:00,"Monza - Napoli","DAZN","Orario da definire"
"Serie A",28/10/2026 01:00,28/10/2026 03:00,"Torino - Como","DAZN","Orario da definire"
"Serie A",28/10/2026 01:00,28/10/2026 03:00,"Roma - Cagliari","DAZN","Orario da definire"
"Serie A",28/10/2026 01:00,28/10/2026 03:00,"Genoa - Juventus","DAZN","Orario da definire"
"Serie A",28/10/2026 01:00,28/10/2026 03:00,"Sassuolo - Lazio","DAZN","Orario da definire"
"Serie A",28/10/2026 01:00,28/10/2026 03:00,"Frosinone - Lecce","DAZN","Orario da definire"
"Serie A",28/10/2026 01:00,28/10/2026 03:00,"Milan - Bologna","DAZN","Orario da definire"
"Serie A",28/10/2026 01:00,28/10/2026 03:00,"Venezia - Inter","DAZN","Orario da definire"
"Serie A",01/11/2026 01:00,01/11/2026 03:00,"Juventus - Napoli","DAZN","Orario da definire"
"Serie A",01/11/2026 01:00,01/11/2026 03:00,"Bologna - Monza","DAZN","Orario da definire"
"Serie A",01/11/2026 01:00,01/11/2026 03:00,"Como - Venezia","DAZN","Orario da definire"
"Serie A",01/11/2026 01:00,01/11/2026 03:00,"Lecce - Genoa","DAZN","Orario da definire"
"Serie A",01/11/2026 01:00,01/11/2026 03:00,"Milan - Inter","DAZN","Orario da definire"
"Serie A",01/11/2026 01:00,01/11/2026 03:00,"Sassuolo - Fiorentina","DAZN","Orario da definire"
"Serie A",01/11/2026 01:00,01/11/2026 03:00,"Atalanta - Parma","DAZN","Orario da definire"
"Serie A",01/11/2026 01:00,01/11/2026 03:00,"Frosinone - Torino","DAZN","Orario da definire"
"Serie A",01/11/2026 01:00,01/11/2026 03:00,"Udinese - Roma","DAZN","Orario da definire"
"Serie A",01/11/2026 01:00,01/11/2026 03:00,"Lazio - Cagliari","DAZN","Orario da definire"
"UCL",03/11/2026 18:45,03/11/2026 20:45,"Shaktar Donetsk - Sporting Lisboa","Sky","Confermato"
"UCL",03/11/2026 18:45,03/11/2026 20:45,"Galatasaray - Stoccarda","Sky","Confermato"
"UCL",03/11/2026 21:00,03/11/2026 23:00,"LASK Linz - Slovan Bratislava","Sky","Confermato"
"UCL",03/11/2026 21:00,03/11/2026 23:00,"Bodo Glimt - Lille","Sky","Confermato"
"UCL",03/11/2026 21:00,03/11/2026 23:00,"Manchester United - Roma","Sky","Confermato"
"UCL",03/11/2026 21:00,03/11/2026 23:00,"Feyenoord - Inter","Sky","Confermato"
"UCL",03/11/2026 21:00,03/11/2026 23:00,"Barcellona - Aston Villa","Sky","Confermato"
"UCL",03/11/2026 21:00,03/11/2026 23:00,"Atlético Madrid - Bayern Monaco","Sky","Confermato"
"UCL",03/11/2026 21:00,03/11/2026 23:00,"Villarreal - Paris Saint-Germain","Sky","Confermato"
"UCL",04/11/2026 18:45,04/11/2026 20:45,"AEK Atene - Real Madrid","Sky","Confermato"
"UCL",04/11/2026 18:45,04/11/2026 20:45,"Fenerbahce - Liverpool","Sky","Confermato"
"UCL",04/11/2026 21:00,04/11/2026 23:00,"Slavia Praga - Arsenal","Sky","Confermato"
"UCL",04/11/2026 21:00,04/11/2026 23:00,"Borussia Dortmund - Betis","Sky","Confermato"
"UCL",04/11/2026 21:00,04/11/2026 23:00,"PSV Eindhoven - Club Bruges","Sky","Confermato"
"UCL",04/11/2026 21:00,04/11/2026 23:00,"Lens - Como","Sky","Confermato"
"UCL",04/11/2026 21:00,04/11/2026 23:00,"Porto - Napoli","Amazon Prime Video","Confermato"
"UCL",04/11/2026 21:00,04/11/2026 23:00,"RB Lipsia - Manchester City","Sky","Confermato"
"UCL",04/11/2026 21:00,04/11/2026 23:00,"Viking - Sabah","Sky","Confermato"
"UEL",05/11/2026 18:45,05/11/2026 20:45,"Levski Sofia - Jagiellonia Bialystok","Sky","Confermato"
"UEL",05/11/2026 18:45,05/11/2026 20:45,"Milan - Ferencvaros","Sky","Confermato"
"UEL",05/11/2026 18:45,05/11/2026 20:45,"Real Sociedad - Olympique Lione","Sky","Confermato"
"UEL",05/11/2026 18:45,05/11/2026 20:45,"Anderlecht - Red Bull Salzburg","Sky","Confermato"
"UEL",05/11/2026 18:45,05/11/2026 20:45,"Crystal Palace - Hoffenheim","Sky","Confermato"
"UEL",05/11/2026 18:45,05/11/2026 20:45,"NEC Nijmegan - Omonia Nicosia","Sky","Confermato"
"UEL",05/11/2026 18:45,05/11/2026 20:45,"Lillestrom - Viktoria Plzen","Sky","Confermato"
"UEL",05/11/2026 18:45,05/11/2026 20:45,"Sparta Praga - Bournemouth","Sky","Confermato"
"UEL",05/11/2026 18:45,05/11/2026 20:45,"Rennes - Olympiacos","Sky","Confermato"
"UEL",05/11/2026 21:00,05/11/2026 23:00,"AZ Alkmaar - Juventus","Sky","Confermato"
"UEL",05/11/2026 21:00,05/11/2026 23:00,"Torreense - Ararat-Armenia","Sky","Confermato"
"UEL",05/11/2026 21:00,05/11/2026 23:00,"Celtic - Besiktas","Sky","Confermato"
"UEL",05/11/2026 21:00,05/11/2026 23:00,"Bayer Leverkusen - Olympique Marsiglia","Sky","Confermato"
"UEL",05/11/2026 21:00,05/11/2026 23:00,"Hapoel Be'er Sheva - OFI Heraklion","Sky","Confermato"
"UEL",05/11/2026 21:00,05/11/2026 23:00,"Benfica - Lech Poznan","Sky","Confermato"
"UEL",05/11/2026 21:00,05/11/2026 23:00,"Sunderland - Dinamo Zagrabia","Sky","Confermato"
"UEL",05/11/2026 21:00,05/11/2026 23:00,"Celta Vigo - Saint-Gilloise","Sky","Confermato"
"UEL",05/11/2026 21:00,05/11/2026 23:00,"Sturm Graz - Celje","Sky","Confermato"
"Serie A",08/11/2026 01:00,08/11/2026 03:00,"Venezia - Udinese","DAZN","Orario da definire"
"Serie A",08/11/2026 01:00,08/11/2026 03:00,"Genoa - Milan","DAZN","Orario da definire"
"Serie A",08/11/2026 01:00,08/11/2026 03:00,"Torino - Lecce","DAZN","Orario da definire"
"Serie A",08/11/2026 01:00,08/11/2026 03:00,"Fiorentina - Juventus","DAZN","Orario da definire"
"Serie A",08/11/2026 01:00,08/11/2026 03:00,"Parma - Bologna","DAZN","Orario da definire"
"Serie A",08/11/2026 01:00,08/11/2026 03:00,"Monza - Atalanta","DAZN","Orario da definire"
"Serie A",08/11/2026 01:00,08/11/2026 03:00,"Napoli - Lazio","DAZN","Orario da definire"
"Serie A",08/11/2026 01:00,08/11/2026 03:00,"Roma - Sassuolo","DAZN","Orario da definire"
"Serie A",08/11/2026 01:00,08/11/2026 03:00,"Cagliari - Frosinone","DAZN","Orario da definire"
"Serie A",08/11/2026 01:00,08/11/2026 03:00,"Inter - Como","DAZN","Orario da definire"
"Serie A",22/11/2026 01:00,22/11/2026 03:00,"Milan - Frosinone","DAZN","Orario da definire"
"Serie A",22/11/2026 01:00,22/11/2026 03:00,"Napoli - Torino","DAZN","Orario da definire"
"Serie A",22/11/2026 01:00,22/11/2026 03:00,"Juventus - Venezia","DAZN","Orario da definire"
"Serie A",22/11/2026 01:00,22/11/2026 03:00,"Como - Cagliari","DAZN","Orario da definire"
"Serie A",22/11/2026 01:00,22/11/2026 03:00,"Parma - Roma","DAZN","Orario da definire"
"Serie A",22/11/2026 01:00,22/11/2026 03:00,"Sassuolo - Genoa","DAZN","Orario da definire"
"Serie A",22/11/2026 01:00,22/11/2026 03:00,"Bologna - Udinese","DAZN","Orario da definire"
"Serie A",22/11/2026 01:00,22/11/2026 03:00,"Lazio - Lecce","DAZN","Orario da definire"
"Serie A",22/11/2026 01:00,22/11/2026 03:00,"Atalanta - Inter","DAZN","Orario da definire"
"Serie A",22/11/2026 01:00,22/11/2026 03:00,"Monza - Fiorentina","DAZN","Orario da definire"
"UCL",24/11/2026 18:45,24/11/2026 20:45,"Galatasaray - Aston Villa","Sky","Confermato"
"UCL",24/11/2026 18:45,24/11/2026 20:45,"Bodo Glimt - LASK Linz","Sky","Confermato"
"UCL",24/11/2026 21:00,24/11/2026 23:00,"Slovan Bratislava - Betis","Sky","Confermato"
"UCL",24/11/2026 21:00,24/11/2026 23:00,"Feyenoord - Porto","Sky","Confermato"
"UCL",24/11/2026 21:00,24/11/2026 23:00,"Arsenal - Borussia Dortmund","Sky","Confermato"
"UCL",24/11/2026 21:00,24/11/2026 23:00,"Manchester City - Napoli","Sky","Confermato"
"UCL",24/11/2026 21:00,24/11/2026 23:00,"Como - AEK Atene","Sky","Confermato"
"UCL",24/11/2026 21:00,24/11/2026 23:00,"Real Madrid - PSV Eindhoven","Sky","Confermato"
"UCL",24/11/2026 21:00,24/11/2026 23:00,"RB Lipsia - Lens","Sky","Confermato"
"UCL",25/11/2026 18:45,25/11/2026 20:45,"Sabah - Barcellona","Sky","Confermato"
"UCL",25/11/2026 18:45,25/11/2026 20:45,"Slavia Praga - Villarreal","Sky","Confermato"
"UCL",25/11/2026 21:00,25/11/2026 23:00,"Sporting Lisboa - Manchester United","Sky","Confermato"
"UCL",25/11/2026 21:00,25/11/2026 23:00,"Atlético Madrid - Viking","Sky","Confermato"
"UCL",25/11/2026 21:00,25/11/2026 23:00,"Shaktar Donetsk - Fenerbahce","Sky","Confermato"
"UCL",25/11/2026 21:00,25/11/2026 23:00,"Inter - Stoccarda","Sky","Confermato"
"UCL",25/11/2026 21:00,25/11/2026 23:00,"Club Bruges - Liverpool","Sky","Confermato"
"UCL",25/11/2026 21:00,25/11/2026 23:00,"Paris Saint-Germain - Roma","Amazon Prime Video","Confermato"
"UCL",25/11/2026 21:00,25/11/2026 23:00,"Lille - Bayern Monaco","Sky","Confermato"
"UEL",26/11/2026 18:45,26/11/2026 20:45,"Dinamo Zagrabia - Bayer Leverkusen","Sky","Confermato"
"UEL",26/11/2026 18:45,26/11/2026 20:45,"Red Bull Salzburg - Ararat-Armenia","Sky","Confermato"
"UEL",26/11/2026 18:45,26/11/2026 20:45,"Olympiacos - Milan","Sky","Confermato"
"UEL",26/11/2026 18:45,26/11/2026 20:45,"Viktoria Plzen - Benfica","Sky","Confermato"
"UEL",26/11/2026 18:45,26/11/2026 20:45,"Saint-Gilloise - Lech Poznan","Sky","Confermato"
"UEL",26/11/2026 18:45,26/11/2026 20:45,"Besiktas - Hapoel Be'er Sheva","Sky","Confermato"
"UEL",26/11/2026 18:45,26/11/2026 20:45,"Olympique Marsiglia  - Levski Sofia","Sky","Confermato"
"UEL",26/11/2026 18:45,26/11/2026 20:45,"Celta Vigo - Bournemouth","Sky","Confermato"
"UEL",26/11/2026 21:00,26/11/2026 23:00,"Ferencvaros - Celje","Sky","Confermato"
"UEL",26/11/2026 21:00,26/11/2026 23:00,"Juventus - Omonia Nicosia","Sky","Confermato"
"UEL",26/11/2026 21:00,26/11/2026 23:00,"Sparta Praga - AZ Alkmaar","Sky","Confermato"
"UEL",26/11/2026 21:00,26/11/2026 23:00,"NEC Nijmegan - Rennes","Sky","Confermato"
"UEL",26/11/2026 21:00,26/11/2026 23:00,"Sunderland - Jagiellonia Bialystok","Sky","Confermato"
"UEL",26/11/2026 21:00,26/11/2026 23:00,"Hoffenheim - Sturm Graz","Sky","Confermato"
"UEL",26/11/2026 21:00,26/11/2026 23:00,"Torreense - Celtic","Sky","Confermato"
"UEL",26/11/2026 21:00,26/11/2026 23:00,"Olympique Lione - Lillestrom","Sky","Confermato"
"UEL",26/11/2026 21:00,26/11/2026 23:00,"OFI Heraklion - Anderlecht","Sky","Confermato"
"UEL",26/11/2026 21:00,26/11/2026 23:00,"Crystal Palace - Real Sociedad","Sky","Confermato"
"Serie A",29/11/2026 01:00,29/11/2026 03:00,"Lecce - Atalanta","DAZN","Orario da definire"
"Serie A",29/11/2026 01:00,29/11/2026 03:00,"Torino - Lazio","DAZN","Orario da definire"
"Serie A",29/11/2026 01:00,29/11/2026 03:00,"Roma - Monza","DAZN","Orario da definire"
"Serie A",29/11/2026 01:00,29/11/2026 03:00,"Cagliari - Milan","DAZN","Orario da definire"
"Serie A",29/11/2026 01:00,29/11/2026 03:00,"Frosinone - Parma","DAZN","Orario da definire"
"Serie A",29/11/2026 01:00,29/11/2026 03:00,"Udinese - Fiorentina","DAZN","Orario da definire"
"Serie A",29/11/2026 01:00,29/11/2026 03:00,"Sassuolo - Napoli","DAZN","Orario da definire"
"Serie A",29/11/2026 01:00,29/11/2026 03:00,"Como - Juventus","DAZN","Orario da definire"
"Serie A",29/11/2026 01:00,29/11/2026 03:00,"Inter - Genoa","DAZN","Orario da definire"
"Serie A",29/11/2026 01:00,29/11/2026 03:00,"Venezia - Bologna","DAZN","Orario da definire"
"Serie A",06/12/2026 01:00,06/12/2026 03:00,"Venezia - Sassuolo","DAZN","Orario da definire"
"Serie A",06/12/2026 01:00,06/12/2026 03:00,"Monza - Como","DAZN","Orario da definire"
"Serie A",06/12/2026 01:00,06/12/2026 03:00,"Lazio - Atalanta","DAZN","Orario da definire"
"Serie A",06/12/2026 01:00,06/12/2026 03:00,"Juventus - Udinese","DAZN","Orario da definire"
"Serie A",06/12/2026 01:00,06/12/2026 03:00,"Frosinone - Inter","DAZN","Orario da definire"
"Serie A",06/12/2026 01:00,06/12/2026 03:00,"Napoli - Lecce","DAZN","Orario da definire"
"Serie A",06/12/2026 01:00,06/12/2026 03:00,"Bologna - Roma","DAZN","Orario da definire"
"Serie A",06/12/2026 01:00,06/12/2026 03:00,"Fiorentina - Cagliari","DAZN","Orario da definire"
"Serie A",06/12/2026 01:00,06/12/2026 03:00,"Genoa - Torino","DAZN","Orario da definire"
"Serie A",06/12/2026 01:00,06/12/2026 03:00,"Milan - Parma","DAZN","Orario da definire"
"UCL",08/12/2026 18:45,08/12/2026 20:45,"Viking - Feyenoord","Sky","Confermato"
"UCL",08/12/2026 18:45,08/12/2026 20:45,"Villarreal - Sabah","Sky","Confermato"
"UCL",08/12/2026 21:00,08/12/2026 23:00,"Aston Villa - Paris Saint-Germain","Sky","Confermato"
"UCL",08/12/2026 21:00,08/12/2026 23:00,"AEK Atene - Galatasaray","Sky","Confermato"
"UCL",08/12/2026 21:00,08/12/2026 23:00,"Barcellona - Manchester City","Sky","Confermato"
"UCL",08/12/2026 21:00,08/12/2026 23:00,"Roma - Sporting Lisboa","Sky","Confermato"
"UCL",08/12/2026 21:00,08/12/2026 23:00,"Manchester United - RB Lipsia","Sky","Confermato"
"UCL",08/12/2026 21:00,08/12/2026 23:00,"Napoli - Club Bruges","Sky","Confermato"
"UCL",08/12/2026 21:00,08/12/2026 23:00,"Bayern Monaco - Slavia Praga","Sky","Confermato"
"UCL",09/12/2026 18:45,09/12/2026 20:45,"Betis - Como","Sky","Confermato"
"UCL",09/12/2026 18:45,09/12/2026 20:45,"Slovan Bratislava - Shaktar Donetsk","Sky","Confermato"
"UCL",09/12/2026 21:00,09/12/2026 23:00,"Arsenal - Real Madrid","Sky","Confermato"
"UCL",09/12/2026 21:00,09/12/2026 23:00,"LASK Linz - Fenerbahce","Sky","Confermato"
"UCL",09/12/2026 21:00,09/12/2026 23:00,"Stoccarda - Lille","Sky","Confermato"
"UCL",09/12/2026 21:00,09/12/2026 23:00,"Liverpool - Porto","Sky","Confermato"
"UCL",09/12/2026 21:00,09/12/2026 23:00,"PSV Eindhoven - Atlético Madrid","Sky","Confermato"
"UCL",09/12/2026 21:00,09/12/2026 23:00,"Lens - Bodo Glimt","Sky","Confermato"
"UCL",09/12/2026 21:00,09/12/2026 23:00,"Borussia Dortmund - Inter","Amazon Prime Video","Confermato"
"UEL",10/12/2026 18:45,10/12/2026 20:45,"Omonia Nicosia - Celtic","Sky","Confermato"
"UEL",10/12/2026 18:45,10/12/2026 20:45,"Jagiellonia Bialystok - Crystal Palace","Sky","Confermato"
"UEL",10/12/2026 18:45,10/12/2026 20:45,"Hapoel Be'er Sheva - Juventus","Sky","Confermato"
"UEL",10/12/2026 18:45,10/12/2026 20:45,"AZ Alkmaar - Sturm Graz","Sky","Confermato"
"UEL",10/12/2026 18:45,10/12/2026 20:45,"Olympique Marsiglia  - Celta Vigo","Sky","Confermato"
"UEL",10/12/2026 18:45,10/12/2026 20:45,"Ararat-Armenia - NEC Nijmegan","Sky","Confermato"
"UEL",10/12/2026 18:45,10/12/2026 20:45,"Rennes - Dinamo Zagrabia","Sky","Confermato"
"UEL",10/12/2026 18:45,10/12/2026 20:45,"Anderlecht - Hoffenheim","Sky","Confermato"
"UEL",10/12/2026 21:00,10/12/2026 23:00,"Red Bull Salzburg - Sparta Praga","Sky","Confermato"
"UEL",10/12/2026 21:00,10/12/2026 23:00,"Lech Poznan - Ferencvaros","Sky","Confermato"
"UEL",10/12/2026 21:00,10/12/2026 23:00,"Olympique Lione - Saint-Gilloise","Sky","Confermato"
"UEL",10/12/2026 21:00,10/12/2026 23:00,"Real Sociedad - Torreense","Sky","Confermato"
"UEL",10/12/2026 21:00,10/12/2026 23:00,"Benfica - OFI Heraklion","Sky","Confermato"
"UEL",10/12/2026 21:00,10/12/2026 23:00,"Celje - Olympiacos","Sky","Confermato"
"UEL",10/12/2026 21:00,10/12/2026 23:00,"Levski Sofia - Lillestrom","Sky","Confermato"
"UEL",10/12/2026 21:00,10/12/2026 23:00,"Milan - Sunderland","Sky","Confermato"
"UEL",10/12/2026 21:00,10/12/2026 23:00,"Bayer Leverkusen - Besiktas","Sky","Confermato"
"UEL",10/12/2026 21:00,10/12/2026 23:00,"Bournemouth - Viktoria Plzen","Sky","Confermato"
"Serie A",13/12/2026 01:00,13/12/2026 03:00,"Como - Bologna","DAZN","Orario da definire"
"Serie A",13/12/2026 01:00,13/12/2026 03:00,"Atalanta - Genoa","DAZN","Orario da definire"
"Serie A",13/12/2026 01:00,13/12/2026 03:00,"Inter - Torino","DAZN","Orario da definire"
"Serie A",13/12/2026 01:00,13/12/2026 03:00,"Lazio - Roma","DAZN","Orario da definire"
"Serie A",13/12/2026 01:00,13/12/2026 03:00,"Cagliari - Venezia","DAZN","Orario da definire"
"Serie A",13/12/2026 01:00,13/12/2026 03:00,"Juventus - Monza","DAZN","Orario da definire"
"Serie A",13/12/2026 01:00,13/12/2026 03:00,"Udinese - Frosinone","DAZN","Orario da definire"
"Serie A",13/12/2026 01:00,13/12/2026 03:00,"Napoli - Milan","DAZN","Orario da definire"
"Serie A",13/12/2026 01:00,13/12/2026 03:00,"Lecce - Sassuolo","DAZN","Orario da definire"
"Serie A",13/12/2026 01:00,13/12/2026 03:00,"Parma - Fiorentina","DAZN","Orario da definire"
"Serie A",20/12/2026 01:00,20/12/2026 03:00,"Roma - Juventus","DAZN","Orario da definire"
"Serie A",20/12/2026 01:00,20/12/2026 03:00,"Fiorentina - Bologna","DAZN","Orario da definire"
"Serie A",20/12/2026 01:00,20/12/2026 03:00,"Frosinone - Lazio","DAZN","Orario da definire"
"Serie A",20/12/2026 01:00,20/12/2026 03:00,"Venezia - Monza","DAZN","Orario da definire"
"Serie A",20/12/2026 01:00,20/12/2026 03:00,"Milan - Como","DAZN","Orario da definire"
"Serie A",20/12/2026 01:00,20/12/2026 03:00,"Torino - Cagliari","DAZN","Orario da definire"
"Serie A",20/12/2026 01:00,20/12/2026 03:00,"Atalanta - Napoli","DAZN","Orario da definire"
"Serie A",20/12/2026 01:00,20/12/2026 03:00,"Lecce - Inter","DAZN","Orario da definire"
"Serie A",20/12/2026 01:00,20/12/2026 03:00,"Genoa - Udinese","DAZN","Orario da definire"
"Serie A",20/12/2026 01:00,20/12/2026 03:00,"Sassuolo - Parma","DAZN","Orario da definire"
"Serie A",03/01/2027 01:00,03/01/2027 03:00,"Bologna - Juventus","DAZN","Orario da definire"
"Serie A",03/01/2027 01:00,03/01/2027 03:00,"Parma - Napoli","DAZN","Orario da definire"
"Serie A",03/01/2027 01:00,03/01/2027 03:00,"Monza - Milan","DAZN","Orario da definire"
"Serie A",03/01/2027 01:00,03/01/2027 03:00,"Torino - Venezia","DAZN","Orario da definire"
"Serie A",03/01/2027 01:00,03/01/2027 03:00,"Como - Lecce","DAZN","Orario da definire"
"Serie A",03/01/2027 01:00,03/01/2027 03:00,"Udinese - Atalanta","DAZN","Orario da definire"
"Serie A",03/01/2027 01:00,03/01/2027 03:00,"Inter - Sassuolo","DAZN","Orario da definire"
"Serie A",03/01/2027 01:00,03/01/2027 03:00,"Cagliari - Genoa","DAZN","Orario da definire"
"Serie A",03/01/2027 01:00,03/01/2027 03:00,"Fiorentina - Lazio","DAZN","Orario da definire"
"Serie A",03/01/2027 01:00,03/01/2027 03:00,"Roma - Frosinone","DAZN","Orario da definire"
"Serie A",06/01/2027 01:00,06/01/2027 03:00,"Lazio - Inter","DAZN","Orario da definire"
"Serie A",06/01/2027 01:00,06/01/2027 03:00,"Sassuolo - Udinese","DAZN","Orario da definire"
"Serie A",06/01/2027 01:00,06/01/2027 03:00,"Milan - Fiorentina","DAZN","Orario da definire"
"Serie A",06/01/2027 01:00,06/01/2027 03:00,"Frosinone - Bologna","DAZN","Orario da definire"
"Serie A",06/01/2027 01:00,06/01/2027 03:00,"Venezia - Roma","DAZN","Orario da definire"
"Serie A",06/01/2027 01:00,06/01/2027 03:00,"Juventus - Torino","DAZN","Orario da definire"
"Serie A",06/01/2027 01:00,06/01/2027 03:00,"Genoa - Monza","DAZN","Orario da definire"
"Serie A",06/01/2027 01:00,06/01/2027 03:00,"Napoli - Cagliari","DAZN","Orario da definire"
"Serie A",06/01/2027 01:00,06/01/2027 03:00,"Lecce - Parma","DAZN","Orario da definire"
"Serie A",06/01/2027 01:00,06/01/2027 03:00,"Atalanta - Como","DAZN","Orario da definire"
"Serie A",10/01/2027 01:00,10/01/2027 03:00,"Cagliari - Sassuolo","DAZN","Orario da definire"
"Serie A",10/01/2027 01:00,10/01/2027 03:00,"Monza - Frosinone","DAZN","Orario da definire"
"Serie A",10/01/2027 01:00,10/01/2027 03:00,"Como - Lazio","DAZN","Orario da definire"
"Serie A",10/01/2027 01:00,10/01/2027 03:00,"Torino - Atalanta","DAZN","Orario da definire"
"Serie A",10/01/2027 01:00,10/01/2027 03:00,"Roma - Milan","DAZN","Orario da definire"
"Serie A",10/01/2027 01:00,10/01/2027 03:00,"Udinese - Napoli","DAZN","Orario da definire"
"Serie A",10/01/2027 01:00,10/01/2027 03:00,"Fiorentina - Lecce","DAZN","Orario da definire"
"Serie A",10/01/2027 01:00,10/01/2027 03:00,"Parma - Venezia","DAZN","Orario da definire"
"Serie A",10/01/2027 01:00,10/01/2027 03:00,"Inter - Juventus","DAZN","Orario da definire"
"Serie A",10/01/2027 01:00,10/01/2027 03:00,"Bologna - Genoa","DAZN","Orario da definire"
"Serie A",17/01/2027 01:00,17/01/2027 03:00,"Cagliari - Como","DAZN","Orario da definire"
"Serie A",17/01/2027 01:00,17/01/2027 03:00,"Napoli - Fiorentina","DAZN","Orario da definire"
"Serie A",17/01/2027 01:00,17/01/2027 03:00,"Parma - Inter","DAZN","Orario da definire"
"Serie A",17/01/2027 01:00,17/01/2027 03:00,"Lazio - Bologna","DAZN","Orario da definire"
"Serie A",17/01/2027 01:00,17/01/2027 03:00,"Juventus - Genoa","DAZN","Orario da definire"
"Serie A",17/01/2027 01:00,17/01/2027 03:00,"Venezia - Frosinone","DAZN","Orario da definire"
"Serie A",17/01/2027 01:00,17/01/2027 03:00,"Atalanta - Roma","DAZN","Orario da definire"
"Serie A",17/01/2027 01:00,17/01/2027 03:00,"Sassuolo - Monza","DAZN","Orario da definire"
"Serie A",17/01/2027 01:00,17/01/2027 03:00,"Milan - Torino","DAZN","Orario da definire"
"Serie A",17/01/2027 01:00,17/01/2027 03:00,"Lecce - Udinese","DAZN","Orario da definire"
"UCL",19/01/2027 18:45,19/01/2027 20:45,"Galatasaray - Feyenoord","Sky","Confermato"
"UCL",19/01/2027 18:45,19/01/2027 20:45,"Bodo Glimt - Atlético Madrid","Sky","Confermato"
"UCL",19/01/2027 21:00,19/01/2027 23:00,"Lille - Slovan Bratislava","Sky","Confermato"
"UCL",19/01/2027 21:00,19/01/2027 23:00,"Aston Villa - Borussia Dortmund","Sky","Confermato"
"UCL",19/01/2027 21:00,19/01/2027 23:00,"Stoccarda - Club Bruges","Sky","Confermato"
"UCL",19/01/2027 21:00,19/01/2027 23:00,"AEK Atene - Roma","Sky","Confermato"
"UCL",19/01/2027 21:00,19/01/2027 23:00,"Porto - Slavia Praga","Sky","Confermato"
"UCL",19/01/2027 21:00,19/01/2027 23:00,"Real Madrid - LASK Linz","Sky","Confermato"
"UCL",19/01/2027 21:00,19/01/2027 23:00,"Inter - Liverpool","Sky","Confermato"
"UCL",20/01/2027 18:45,20/01/2027 20:45,"Fenerbahce - Villarreal","Sky","Confermato"
"UCL",20/01/2027 18:45,20/01/2027 20:45,"Sabah - Napoli","Sky","Confermato"
"UCL",20/01/2027 21:00,20/01/2027 23:00,"Viking - PSV Eindhoven","Sky","Confermato"
"UCL",20/01/2027 21:00,20/01/2027 23:00,"Manchester United - Bayern Monaco","Sky","Confermato"
"UCL",20/01/2027 21:00,20/01/2027 23:00,"RB Lipsia - Shaktar Donetsk","Sky","Confermato"
"UCL",20/01/2027 21:00,20/01/2027 23:00,"Como - Paris Saint-Germain","Sky","Confermato"
"UCL",20/01/2027 21:00,20/01/2027 23:00,"Lens - Manchester City","Sky","Confermato"
"UCL",20/01/2027 21:00,20/01/2027 23:00,"Sporting Lisboa - Barcellona","Sky","Confermato"
"UCL",20/01/2027 21:00,20/01/2027 23:00,"Betis - Arsenal","Sky","Confermato"
"UEL",21/01/2027 18:45,21/01/2027 20:45,"NEC Nijmegan - Benfica","Sky","Confermato"
"UEL",21/01/2027 18:45,21/01/2027 20:45,"Sturm Graz - OFI Heraklion","Sky","Confermato"
"UEL",21/01/2027 18:45,21/01/2027 20:45,"Jagiellonia Bialystok - Olympique Lione","Sky","Confermato"
"UEL",21/01/2027 18:45,21/01/2027 20:45,"Besiktas - Saint-Gilloise","Sky","Confermato"
"UEL",21/01/2027 18:45,21/01/2027 20:45,"Real Sociedad - Viktoria Plzen","Sky","Confermato"
"UEL",21/01/2027 18:45,21/01/2027 20:45,"Olympiacos - Hoffenheim","Sky","Confermato"
"UEL",21/01/2027 18:45,21/01/2027 20:45,"Ferencvaros - Juventus","Sky","Confermato"
"UEL",21/01/2027 18:45,21/01/2027 20:45,"Ararat-Armenia - Celje","Sky","Confermato"
"UEL",21/01/2027 18:45,21/01/2027 20:45,"Lillestrom - Bournemouth","Sky","Confermato"
"UEL",21/01/2027 21:00,21/01/2027 23:00,"Celtic - Olympique Marsiglia","Sky","Confermato"
"UEL",21/01/2027 21:00,21/01/2027 23:00,"Anderlecht - Sunderland","Sky","Confermato"
"UEL",21/01/2027 21:00,21/01/2027 23:00,"Crystal Palace - Sparta Praga","Sky","Confermato"
"UEL",21/01/2027 21:00,21/01/2027 23:00,"Levski Sofia - Milan","Sky","Confermato"
"UEL",21/01/2027 21:00,21/01/2027 23:00,"Lech Poznan - Torreense","Sky","Confermato"
"UEL",21/01/2027 21:00,21/01/2027 23:00,"Rennes - Omonia Nicosia","Sky","Confermato"
"UEL",21/01/2027 21:00,21/01/2027 23:00,"Bayer Leverkusen - Red Bull Salzburg","Sky","Confermato"
"UEL",21/01/2027 21:00,21/01/2027 23:00,"AZ Alkmaar - Dinamo Zagrabia","Sky","Confermato"
"UEL",21/01/2027 21:00,21/01/2027 23:00,"Hapoel Be'er Sheva - Celta Vigo","Sky","Confermato"
"Serie A",24/01/2027 01:00,24/01/2027 03:00,"Bologna - Atalanta","DAZN","Orario da definire"
"Serie A",24/01/2027 01:00,24/01/2027 03:00,"Frosinone - Milan","DAZN","Orario da definire"
"Serie A",24/01/2027 01:00,24/01/2027 03:00,"Inter - Venezia","DAZN","Orario da definire"
"Serie A",24/01/2027 01:00,24/01/2027 03:00,"Genoa - Parma","DAZN","Orario da definire"
"Serie A",24/01/2027 01:00,24/01/2027 03:00,"Juventus - Cagliari","DAZN","Orario da definire"
"Serie A",24/01/2027 01:00,24/01/2027 03:00,"Lecce - Torino","DAZN","Orario da definire"
"Serie A",24/01/2027 01:00,24/01/2027 03:00,"Roma - Udinese","DAZN","Orario da definire"
"Serie A",24/01/2027 01:00,24/01/2027 03:00,"Monza - Lazio","DAZN","Orario da definire"
"Serie A",24/01/2027 01:00,24/01/2027 03:00,"Como - Napoli","DAZN","Orario da definire"
"Serie A",24/01/2027 01:00,24/01/2027 03:00,"Fiorentina - Sassuolo","DAZN","Orario da definire"
"UCL",27/01/2027 21:00,27/01/2027 23:00,"Arsenal - Sabah","Sky","Confermato"
"UCL",27/01/2027 21:00,27/01/2027 23:00,"Club Bruges - Bodo Glimt","Sky","Confermato"
"UCL",27/01/2027 21:00,27/01/2027 23:00,"Feyenoord - RB Lipsia","Sky","Confermato"
"UCL",27/01/2027 21:00,27/01/2027 23:00,"Napoli - Viking","Sky","Confermato"
"UCL",27/01/2027 21:00,27/01/2027 23:00,"Villarreal - Manchester United","Sky","Confermato"
"UCL",27/01/2027 21:00,27/01/2027 23:00,"Bayern Monaco - Betis","Sky","Confermato"
"UCL",27/01/2027 21:00,27/01/2027 23:00,"Slavia Praga - Aston Villa","Sky","Confermato"
"UCL",27/01/2027 21:00,27/01/2027 23:00,"PSV Eindhoven - Stoccarda","Sky","Confermato"
"UCL",27/01/2027 21:00,27/01/2027 23:00,"Roma - Lille","Sky","Confermato"
"UCL",27/01/2027 21:00,27/01/2027 23:00,"LASK Linz - Porto","Sky","Confermato"
"UCL",27/01/2027 21:00,27/01/2027 23:00,"Paris Saint-Germain - Galatasaray","Sky","Confermato"
"UCL",27/01/2027 21:00,27/01/2027 23:00,"Manchester City - Sporting Lisboa","Sky","Confermato"
"UCL",27/01/2027 21:00,27/01/2027 23:00,"Liverpool - Lens","Sky","Confermato"
"UCL",27/01/2027 21:00,27/01/2027 23:00,"Slovan Bratislava - Inter","Sky","Confermato"
"UCL",27/01/2027 21:00,27/01/2027 23:00,"Barcellona - Como","Sky","Confermato"
"UCL",27/01/2027 21:00,27/01/2027 23:00,"Shaktar Donetsk - Real Madrid","Sky","Confermato"
"UCL",27/01/2027 21:00,27/01/2027 23:00,"Atlético Madrid - Fenerbahce","Sky","Confermato"
"UCL",27/01/2027 21:00,27/01/2027 23:00,"Borussia Dortmund - AEK Atene","Sky","Confermato"
"UEL",28/01/2027 21:00,28/01/2027 23:00,"Benfica - AZ Alkmaar","Sky","Confermato"
"UEL",28/01/2027 21:00,28/01/2027 23:00,"Juventus - Real Sociedad","Sky","Confermato"
"UEL",28/01/2027 21:00,28/01/2027 23:00,"Celje - NEC Nijmegan","Sky","Confermato"
"UEL",28/01/2027 21:00,28/01/2027 23:00,"OFI Heraklion - Lech Poznan","Sky","Confermato"
"UEL",28/01/2027 21:00,28/01/2027 23:00,"Red Bull Salzburg - Crystal Palace","Sky","Confermato"
"UEL",28/01/2027 21:00,28/01/2027 23:00,"Olympique Marsiglia  - Anderlecht","Sky","Confermato"
"UEL",28/01/2027 21:00,28/01/2027 23:00,"Celta Vigo - Lillestrom","Sky","Confermato"
"UEL",28/01/2027 21:00,28/01/2027 23:00,"Torreense - Olympiacos","Sky","Confermato"
"UEL",28/01/2027 21:00,28/01/2027 23:00,"Sunderland - Levski Sofia","Sky","Confermato"
"UEL",28/01/2027 21:00,28/01/2027 23:00,"Sparta Praga - Rennes","Sky","Confermato"
"UEL",28/01/2027 21:00,28/01/2027 23:00,"Bournemouth - Hapoel Be'er Sheva","Sky","Confermato"
"UEL",28/01/2027 21:00,28/01/2027 23:00,"Milan - Ararat-Armenia","Sky","Confermato"
"UEL",28/01/2027 21:00,28/01/2027 23:00,"Viktoria Plzen - Jagiellonia Bialystok","Sky","Confermato"
"UEL",28/01/2027 21:00,28/01/2027 23:00,"Omonia Nicosia - Besiktas","Sky","Confermato"
"UEL",28/01/2027 21:00,28/01/2027 23:00,"Saint-Gilloise - Celtic","Sky","Confermato"
"UEL",28/01/2027 21:00,28/01/2027 23:00,"Hoffenheim - Ferencvaros","Sky","Confermato"
"UEL",28/01/2027 21:00,28/01/2027 23:00,"Dinamo Zagrabia - Sturm Graz","Sky","Confermato"
"UEL",28/01/2027 21:00,28/01/2027 23:00,"Olympique Lione - Bayer Leverkusen","Sky","Confermato"
"Serie A",31/01/2027 01:00,31/01/2027 03:00,"Sassuolo - Como","DAZN","Orario da definire"
"Serie A",31/01/2027 01:00,31/01/2027 03:00,"Udinese - Bologna","DAZN","Orario da definire"
"Serie A",31/01/2027 01:00,31/01/2027 03:00,"Atalanta - Fiorentina","DAZN","Orario da definire"
"Serie A",31/01/2027 01:00,31/01/2027 03:00,"Cagliari - Parma","DAZN","Orario da definire"
"Serie A",31/01/2027 01:00,31/01/2027 03:00,"Torino - Frosinone","DAZN","Orario da definire"
"Serie A",31/01/2027 01:00,31/01/2027 03:00,"Monza - Roma","DAZN","Orario da definire"
"Serie A",31/01/2027 01:00,31/01/2027 03:00,"Milan - Juventus","DAZN","Orario da definire"
"Serie A",31/01/2027 01:00,31/01/2027 03:00,"Lazio - Venezia","DAZN","Orario da definire"
"Serie A",31/01/2027 01:00,31/01/2027 03:00,"Napoli - Inter","DAZN","Orario da definire"
"Serie A",31/01/2027 01:00,31/01/2027 03:00,"Genoa - Lecce","DAZN","Orario da definire"
"Serie A",07/02/2027 01:00,07/02/2027 03:00,"Como - Monza","DAZN","Orario da definire"
"Serie A",07/02/2027 01:00,07/02/2027 03:00,"Venezia - Genoa","DAZN","Orario da definire"
"Serie A",07/02/2027 01:00,07/02/2027 03:00,"Bologna - Milan","DAZN","Orario da definire"
"Serie A",07/02/2027 01:00,07/02/2027 03:00,"Juventus - Sassuolo","DAZN","Orario da definire"
"Serie A",07/02/2027 01:00,07/02/2027 03:00,"Fiorentina - Udinese","DAZN","Orario da definire"
"Serie A",07/02/2027 01:00,07/02/2027 03:00,"Parma - Frosinone","DAZN","Orario da definire"
"Serie A",07/02/2027 01:00,07/02/2027 03:00,"Roma - Torino","DAZN","Orario da definire"
"Serie A",07/02/2027 01:00,07/02/2027 03:00,"Inter - Cagliari","DAZN","Orario da definire"
"Serie A",07/02/2027 01:00,07/02/2027 03:00,"Lecce - Napoli","DAZN","Orario da definire"
"Serie A",07/02/2027 01:00,07/02/2027 03:00,"Atalanta - Lazio","DAZN","Orario da definire"
"Serie A",14/02/2027 01:00,14/02/2027 03:00,"Bologna - Como","DAZN","Orario da definire"
"Serie A",14/02/2027 01:00,14/02/2027 03:00,"Genoa - Atalanta","DAZN","Orario da definire"
"Serie A",14/02/2027 01:00,14/02/2027 03:00,"Frosinone - Fiorentina","DAZN","Orario da definire"
"Serie A",14/02/2027 01:00,14/02/2027 03:00,"Torino - Sassuolo","DAZN","Orario da definire"
"Serie A",14/02/2027 01:00,14/02/2027 03:00,"Cagliari - Lazio","DAZN","Orario da definire"
"Serie A",14/02/2027 01:00,14/02/2027 03:00,"Roma - Parma","DAZN","Orario da definire"
"Serie A",14/02/2027 01:00,14/02/2027 03:00,"Inter - Milan","DAZN","Orario da definire"
"Serie A",14/02/2027 01:00,14/02/2027 03:00,"Napoli - Juventus","DAZN","Orario da definire"
"Serie A",14/02/2027 01:00,14/02/2027 03:00,"Monza - Lecce","DAZN","Orario da definire"
"Serie A",14/02/2027 01:00,14/02/2027 03:00,"Udinese - Venezia","DAZN","Orario da definire"
"Serie A",21/02/2027 01:00,21/02/2027 03:00,"Lazio - Napoli","DAZN","Orario da definire"
"Serie A",21/02/2027 01:00,21/02/2027 03:00,"Udinese - Parma","DAZN","Orario da definire"
"Serie A",21/02/2027 01:00,21/02/2027 03:00,"Milan - Genoa","DAZN","Orario da definire"
"Serie A",21/02/2027 01:00,21/02/2027 03:00,"Juventus - Bologna","DAZN","Orario da definire"
"Serie A",21/02/2027 01:00,21/02/2027 03:00,"Fiorentina - Inter","DAZN","Orario da definire"
"Serie A",21/02/2027 01:00,21/02/2027 03:00,"Como - Torino","DAZN","Orario da definire"
"Serie A",21/02/2027 01:00,21/02/2027 03:00,"Atalanta - Monza","DAZN","Orario da definire"
"Serie A",21/02/2027 01:00,21/02/2027 03:00,"Lecce - Frosinone","DAZN","Orario da definire"
"Serie A",21/02/2027 01:00,21/02/2027 03:00,"Sassuolo - Roma","DAZN","Orario da definire"
"Serie A",21/02/2027 01:00,21/02/2027 03:00,"Venezia - Cagliari","DAZN","Orario da definire"
"Serie A",28/02/2027 01:00,28/02/2027 03:00,"Bologna - Lecce","DAZN","Orario da definire"
"Serie A",28/02/2027 01:00,28/02/2027 03:00,"Cagliari - Udinese","DAZN","Orario da definire"
"Serie A",28/02/2027 01:00,28/02/2027 03:00,"Frosinone - Napoli","DAZN","Orario da definire"
"Serie A",28/02/2027 01:00,28/02/2027 03:00,"Genoa - Lazio","DAZN","Orario da definire"
"Serie A",28/02/2027 01:00,28/02/2027 03:00,"Inter - Atalanta","DAZN","Orario da definire"
"Serie A",28/02/2027 01:00,28/02/2027 03:00,"Torino - Fiorentina","DAZN","Orario da definire"
"Serie A",28/02/2027 01:00,28/02/2027 03:00,"Parma - Sassuolo","DAZN","Orario da definire"
"Serie A",28/02/2027 01:00,28/02/2027 03:00,"Como - Milan","DAZN","Orario da definire"
"Serie A",28/02/2027 01:00,28/02/2027 03:00,"Roma - Venezia","DAZN","Orario da definire"
"Serie A",28/02/2027 01:00,28/02/2027 03:00,"Monza - Juventus","DAZN","Orario da definire"
"Serie A",07/03/2027 01:00,07/03/2027 03:00,"Udinese - Inter","DAZN","Orario da definire"
"Serie A",07/03/2027 01:00,07/03/2027 03:00,"Napoli - Parma","DAZN","Orario da definire"
"Serie A",07/03/2027 01:00,07/03/2027 03:00,"Sassuolo - Bologna","DAZN","Orario da definire"
"Serie A",07/03/2027 01:00,07/03/2027 03:00,"Fiorentina - Venezia","DAZN","Orario da definire"
"Serie A",07/03/2027 01:00,07/03/2027 03:00,"Juventus - Roma","DAZN","Orario da definire"
"Serie A",07/03/2027 01:00,07/03/2027 03:00,"Monza - Genoa","DAZN","Orario da definire"
"Serie A",07/03/2027 01:00,07/03/2027 03:00,"Lecce - Como","DAZN","Orario da definire"
"Serie A",07/03/2027 01:00,07/03/2027 03:00,"Atalanta - Torino","DAZN","Orario da definire"
"Serie A",07/03/2027 01:00,07/03/2027 03:00,"Milan - Cagliari","DAZN","Orario da definire"
"Serie A",07/03/2027 01:00,07/03/2027 03:00,"Lazio - Frosinone","DAZN","Orario da definire"
"Serie A",14/03/2027 01:00,14/03/2027 03:00,"Lazio - Juventus","DAZN","Orario da definire"
"Serie A",14/03/2027 01:00,14/03/2027 03:00,"Cagliari - Fiorentina","DAZN","Orario da definire"
"Serie A",14/03/2027 01:00,14/03/2027 03:00,"Genoa - Roma","DAZN","Orario da definire"
"Serie A",14/03/2027 01:00,14/03/2027 03:00,"Como - Udinese","DAZN","Orario da definire"
"Serie A",14/03/2027 01:00,14/03/2027 03:00,"Parma - Lecce","DAZN","Orario da definire"
"Serie A",14/03/2027 01:00,14/03/2027 03:00,"Torino - Inter","DAZN","Orario da definire"
"Serie A",14/03/2027 01:00,14/03/2027 03:00,"Bologna - Napoli","DAZN","Orario da definire"
"Serie A",14/03/2027 01:00,14/03/2027 03:00,"Frosinone - Monza","DAZN","Orario da definire"
"Serie A",14/03/2027 01:00,14/03/2027 03:00,"Milan - Sassuolo","DAZN","Orario da definire"
"Serie A",14/03/2027 01:00,14/03/2027 03:00,"Venezia - Atalanta","DAZN","Orario da definire"
"Serie A",21/03/2027 01:00,21/03/2027 03:00,"Atalanta - Milan","DAZN","Orario da definire"
"Serie A",21/03/2027 01:00,21/03/2027 03:00,"Inter - Frosinone","DAZN","Orario da definire"
"Serie A",21/03/2027 01:00,21/03/2027 03:00,"Udinese - Torino","DAZN","Orario da definire"
"Serie A",21/03/2027 01:00,21/03/2027 03:00,"Sassuolo - Cagliari","DAZN","Orario da definire"
"Serie A",21/03/2027 01:00,21/03/2027 03:00,"Parma - Lazio","DAZN","Orario da definire"
"Serie A",21/03/2027 01:00,21/03/2027 03:00,"Roma - Lecce","DAZN","Orario da definire"
"Serie A",21/03/2027 01:00,21/03/2027 03:00,"Napoli - Venezia","DAZN","Orario da definire"
"Serie A",21/03/2027 01:00,21/03/2027 03:00,"Monza - Bologna","DAZN","Orario da definire"
"Serie A",21/03/2027 01:00,21/03/2027 03:00,"Fiorentina - Genoa","DAZN","Orario da definire"
"Serie A",21/03/2027 01:00,21/03/2027 03:00,"Juventus - Como","DAZN","Orario da definire"
"Serie A",04/04/2027 01:00,04/04/2027 03:00,"Genoa - Inter","DAZN","Orario da definire"
"Serie A",04/04/2027 01:00,04/04/2027 03:00,"Torino - Juventus","DAZN","Orario da definire"
"Serie A",04/04/2027 01:00,04/04/2027 03:00,"Frosinone - Udinese","DAZN","Orario da definire"
"Serie A",04/04/2027 01:00,04/04/2027 03:00,"Cagliari - Napoli","DAZN","Orario da definire"
"Serie A",04/04/2027 01:00,04/04/2027 03:00,"Lecce - Lazio","DAZN","Orario da definire"
"Serie A",04/04/2027 01:00,04/04/2027 03:00,"Venezia - Parma","DAZN","Orario da definire"
"Serie A",04/04/2027 01:00,04/04/2027 03:00,"Roma - Bologna","DAZN","Orario da definire"
"Serie A",04/04/2027 01:00,04/04/2027 03:00,"Milan - Monza","DAZN","Orario da definire"
"Serie A",04/04/2027 01:00,04/04/2027 03:00,"Sassuolo - Atalanta","DAZN","Orario da definire"
"Serie A",04/04/2027 01:00,04/04/2027 03:00,"Como - Fiorentina","DAZN","Orario da definire"
"Serie A",11/04/2027 01:00,11/04/2027 03:00,"Udinese - Monza","DAZN","Orario da definire"
"Serie A",11/04/2027 01:00,11/04/2027 03:00,"Frosinone - Genoa","DAZN","Orario da definire"
"Serie A",11/04/2027 01:00,11/04/2027 03:00,"Fiorentina - Milan","DAZN","Orario da definire"
"Serie A",11/04/2027 01:00,11/04/2027 03:00,"Cagliari - Atalanta","DAZN","Orario da definire"
"Serie A",11/04/2027 01:00,11/04/2027 03:00,"Parma - Como","DAZN","Orario da definire"
"Serie A",11/04/2027 01:00,11/04/2027 03:00,"Inter - Roma","DAZN","Orario da definire"
"Serie A",11/04/2027 01:00,11/04/2027 03:00,"Lazio - Torino","DAZN","Orario da definire"
"Serie A",11/04/2027 01:00,11/04/2027 03:00,"Bologna - Venezia","DAZN","Orario da definire"
"Serie A",11/04/2027 01:00,11/04/2027 03:00,"Napoli - Sassuolo","DAZN","Orario da definire"
"Serie A",11/04/2027 01:00,11/04/2027 03:00,"Juventus - Lecce","DAZN","Orario da definire"
"Serie A",18/04/2027 01:00,18/04/2027 03:00,"Sassuolo - Lecce","DAZN","Orario da definire"
"Serie A",18/04/2027 01:00,18/04/2027 03:00,"Monza - Inter","DAZN","Orario da definire"
"Serie A",18/04/2027 01:00,18/04/2027 03:00,"Atalanta - Udinese","DAZN","Orario da definire"
"Serie A",18/04/2027 01:00,18/04/2027 03:00,"Roma - Lazio","DAZN","Orario da definire"
"Serie A",18/04/2027 01:00,18/04/2027 03:00,"Torino - Genoa","DAZN","Orario da definire"
"Serie A",18/04/2027 01:00,18/04/2027 03:00,"Como - Frosinone","DAZN","Orario da definire"
"Serie A",18/04/2027 01:00,18/04/2027 03:00,"Fiorentina - Parma","DAZN","Orario da definire"
"Serie A",18/04/2027 01:00,18/04/2027 03:00,"Bologna - Cagliari","DAZN","Orario da definire"
"Serie A",18/04/2027 01:00,18/04/2027 03:00,"Milan - Napoli","DAZN","Orario da definire"
"Serie A",18/04/2027 01:00,18/04/2027 03:00,"Venezia - Juventus","DAZN","Orario da definire"
"Serie A",25/04/2027 01:00,25/04/2027 03:00,"Napoli - Udinese","DAZN","Orario da definire"
"Serie A",25/04/2027 01:00,25/04/2027 03:00,"Juventus - Fiorentina","DAZN","Orario da definire"
"Serie A",25/04/2027 01:00,25/04/2027 03:00,"Cagliari - Monza","DAZN","Orario da definire"
"Serie A",25/04/2027 01:00,25/04/2027 03:00,"Parma - Atalanta","DAZN","Orario da definire"
"Serie A",25/04/2027 01:00,25/04/2027 03:00,"Lazio - Como","DAZN","Orario da definire"
"Serie A",25/04/2027 01:00,25/04/2027 03:00,"Venezia - Torino","DAZN","Orario da definire"
"Serie A",25/04/2027 01:00,25/04/2027 03:00,"Lecce - Milan","DAZN","Orario da definire"
"Serie A",25/04/2027 01:00,25/04/2027 03:00,"Frosinone - Roma","DAZN","Orario da definire"
"Serie A",25/04/2027 01:00,25/04/2027 03:00,"Genoa - Sassuolo","DAZN","Orario da definire"
"Serie A",25/04/2027 01:00,25/04/2027 03:00,"Inter - Bologna","DAZN","Orario da definire"
"Serie A",02/05/2027 01:00,02/05/2027 03:00,"Atalanta - Juventus","DAZN","Orario da definire"
"Serie A",02/05/2027 01:00,02/05/2027 03:00,"Monza - Venezia","DAZN","Orario da definire"
"Serie A",02/05/2027 01:00,02/05/2027 03:00,"Torino - Parma","DAZN","Orario da definire"
"Serie A",02/05/2027 01:00,02/05/2027 03:00,"Como - Inter","DAZN","Orario da definire"
"Serie A",02/05/2027 01:00,02/05/2027 03:00,"Roma - Napoli","DAZN","Orario da definire"
"Serie A",02/05/2027 01:00,02/05/2027 03:00,"Udinese - Genoa","DAZN","Orario da definire"
"Serie A",02/05/2027 01:00,02/05/2027 03:00,"Bologna - Fiorentina","DAZN","Orario da definire"
"Serie A",02/05/2027 01:00,02/05/2027 03:00,"Milan - Lazio","DAZN","Orario da definire"
"Serie A",02/05/2027 01:00,02/05/2027 03:00,"Lecce - Cagliari","DAZN","Orario da definire"
"Serie A",02/05/2027 01:00,02/05/2027 03:00,"Sassuolo - Frosinone","DAZN","Orario da definire"
"Serie A",09/05/2027 01:00,09/05/2027 03:00,"Fiorentina - Roma","DAZN","Orario da definire"
"Serie A",09/05/2027 01:00,09/05/2027 03:00,"Parma - Milan","DAZN","Orario da definire"
"Serie A",09/05/2027 01:00,09/05/2027 03:00,"Udinese - Juventus","DAZN","Orario da definire"
"Serie A",09/05/2027 01:00,09/05/2027 03:00,"Torino - Bologna","DAZN","Orario da definire"
"Serie A",09/05/2027 01:00,09/05/2027 03:00,"Inter - Lecce","DAZN","Orario da definire"
"Serie A",09/05/2027 01:00,09/05/2027 03:00,"Lazio - Sassuolo","DAZN","Orario da definire"
"Serie A",09/05/2027 01:00,09/05/2027 03:00,"Genoa - Cagliari","DAZN","Orario da definire"
"Serie A",09/05/2027 01:00,09/05/2027 03:00,"Venezia - Como","DAZN","Orario da definire"
"Serie A",09/05/2027 01:00,09/05/2027 03:00,"Frosinone - Atalanta","DAZN","Orario da definire"
"Serie A",09/05/2027 01:00,09/05/2027 03:00,"Napoli - Monza","DAZN","Orario da definire"
"Serie A",16/05/2027 01:00,16/05/2027 03:00,"Cagliari - Torino","DAZN","Orario da definire"
"Serie A",16/05/2027 01:00,16/05/2027 03:00,"Monza - Parma","DAZN","Orario da definire"
"Serie A",16/05/2027 01:00,16/05/2027 03:00,"Bologna - Frosinone","DAZN","Orario da definire"
"Serie A",16/05/2027 01:00,16/05/2027 03:00,"Sassuolo - Venezia","DAZN","Orario da definire"
"Serie A",16/05/2027 01:00,16/05/2027 03:00,"Milan - Roma","DAZN","Orario da definire"
"Serie A",16/05/2027 01:00,16/05/2027 03:00,"Juventus - Inter","DAZN","Orario da definire"
"Serie A",16/05/2027 01:00,16/05/2027 03:00,"Lazio - Udinese","DAZN","Orario da definire"
"Serie A",16/05/2027 01:00,16/05/2027 03:00,"Lecce - Fiorentina","DAZN","Orario da definire"
"Serie A",16/05/2027 01:00,16/05/2027 03:00,"Como - Atalanta","DAZN","Orario da definire"
"Serie A",16/05/2027 01:00,16/05/2027 03:00,"Napoli - Genoa","DAZN","Orario da definire"
"Serie A",23/05/2027 01:00,23/05/2027 03:00,"Inter - Lazio","DAZN","Orario da definire"
"Serie A",23/05/2027 01:00,23/05/2027 03:00,"Roma - Como","DAZN","Orario da definire"
"Serie A",23/05/2027 01:00,23/05/2027 03:00,"Fiorentina - Monza","DAZN","Orario da definire"
"Serie A",23/05/2027 01:00,23/05/2027 03:00,"Frosinone - Cagliari","DAZN","Orario da definire"
"Serie A",23/05/2027 01:00,23/05/2027 03:00,"Venezia - Milan","DAZN","Orario da definire"
"Serie A",23/05/2027 01:00,23/05/2027 03:00,"Torino - Napoli","DAZN","Orario da definire"
"Serie A",23/05/2027 01:00,23/05/2027 03:00,"Parma - Juventus","DAZN","Orario da definire"
"Serie A",23/05/2027 01:00,23/05/2027 03:00,"Atalanta - Lecce","DAZN","Orario da definire"
"Serie A",23/05/2027 01:00,23/05/2027 03:00,"Udinese - Sassuolo","DAZN","Orario da definire"
"Serie A",23/05/2027 01:00,23/05/2027 03:00,"Genoa - Bologna","DAZN","Orario da definire"
"Serie A",30/05/2027 01:00,30/05/2027 03:00,"Napoli - Atalanta","DAZN","Orario da definire"
"Serie A",30/05/2027 01:00,30/05/2027 03:00,"Como - Genoa","DAZN","Orario da definire"
"Serie A",30/05/2027 01:00,30/05/2027 03:00,"Bologna - Parma","DAZN","Orario da definire"
"Serie A",30/05/2027 01:00,30/05/2027 03:00,"Juventus - Frosinone","DAZN","Orario da definire"
"Serie A",30/05/2027 01:00,30/05/2027 03:00,"Monza - Torino","DAZN","Orario da definire"
"Serie A",30/05/2027 01:00,30/05/2027 03:00,"Lecce - Venezia","DAZN","Orario da definire"
"Serie A",30/05/2027 01:00,30/05/2027 03:00,"Cagliari - Roma","DAZN","Orario da definire"
"Serie A",30/05/2027 01:00,30/05/2027 03:00,"Milan - Udinese","DAZN","Orario da definire"
"Serie A",30/05/2027 01:00,30/05/2027 03:00,"Lazio - Fiorentina","DAZN","Orario da definire"
"Serie A",30/05/2027 01:00,30/05/2027 03:00,"Sassuolo - Inter","DAZN","Orario da definire"
